{"cameraMode":{"drawMode":0,"name":"Shaded","section":"Shading Mode"},"sceneLighting":true,"audioPlay":false,"sceneViewState":{"m_AlwaysRefresh":false,"showFog":true,"showSkybox":true,"showFlares":true,"showImageEffects":true,"showParticleSystems":true,"showVisualEffectGraphs":true,"m_FxEnabled":true},"in2DMode":false,"pivot":{"x":12.104055404663086,"y":5.467462062835693,"z":0.01640605926513672},"rotation":{"x":0.05431312322616577,"y":0.4754486680030823,"z":-0.029426654800772668,"w":0.8775978088378906},"size":22.674863815307618,"orthographic":false}