{"cameraMode":{"drawMode":0,"name":"Shaded","section":"Shading Mode"},"sceneLighting":true,"audioPlay":false,"sceneViewState":{"m_AlwaysRefresh":false,"showFog":true,"showSkybox":true,"showFlares":true,"showImageEffects":true,"showParticleSystems":true,"showVisualEffectGraphs":true,"m_FxEnabled":true},"in2DMode":false,"pivot":{"x":15.057777404785157,"y":2.919975519180298,"z":5.057223796844482},"rotation":{"x":-0.033980514854192737,"y":0.6485338807106018,"z":0.029004106298089029,"w":0.7598945498466492},"size":5.016871929168701,"orthographic":false}